question,answer
bca kya hai,BCA ek 3 saal ka computer degree course hai.
bca ki fees,BCA ki fees 20000 se 80000 per year ho sakti hai.
admission process,BCA admission merit ya entrance ke basis par hota hai.
notes kaha milenge,Notes student portal par available hain.
admission,Admission merit ya entrance ke basis par hota hai.
hello,"Hello,Welcome to Student Sphere.How Can I Help You?"
options for science students,"you can do bca, b.tech, bsc, pharmacy,m.b.b.s"
options for commerce students,"you can do b.com, b.b.a, CA"
options for arts students ,"you can do BA, LLb, HM"
jobs after bca,
Mujhe samajh nahi aa raha ki kaunsa career choose karun,Pehle apni interest aur strengths identify karo. Phir us field ke baare me research karo aur small level pe try karo (jaise courses ya internships).
Agar galat career choose ho gaya to kya hoga?,"Career change karna possible hai. Skills aur learning important hoti hai, tum direction change kar sakte ho."
Passion follow karun ya safe career?,Agar possible ho to passion ko skill me convert karo. Warna safe career ke saath passion side me pursue karo.
Kitne ghante padhna sahi hota hai?,Quality zyada important hai. 4–6 focused hours kaafi hote hain.
Exam ka pressure kaise handle karun?,"Proper planning karo, break lo, aur overthinking avoid karo."
Agar exam me fail ho gaya to kya hoga?,Failure ek learning step hai. Tum next attempt me better kar sakte ho.
Last moment pe kaise prepare kare?,"Important topics revise karo, new topics start mat karo."
"Sab log mujhse better perform karte hain, main kya karun?",Apni progress pe focus karo. Comparison se stress badhta hai.
Mujhe confidence kaise milega?,Small goals achieve karo aur practice badhao.
Degree important hai ya skills?,"Dono important hain, lekin long term me skills zyada matter karti hain."
Coding mushkil hai kya?,"Starting me thoda tough lagta hai, lekin practice se easy ho jata hai."
Kya bina coaching ke success possible hai?,"Haan, self-study aur discipline se possible hai."
"Parents pressure daalte hain career choose karne me, kya karun?",Unse calmly baat karo aur apni interest explain karo with logic.
"Main average student hoon, kya success possible hai?","Bilkul, consistency aur hard work se success milta hai."
Kya mera chosen course future me useful hoga?,"Yeh depend karta hai tum usme skills develop karte ho ya nahi. Sirf degree nahi, practical knowledge aur experience important hai."
BCA karne ke baad kya scope hai?,"BCA ke baad tum software development, web development, data analysis ya MCA jaise higher studies kar sakte ho."
Kya mujhe graduation ke baad job milegi?,"Agar tumne skills + projects + internships ki hain, to job milne ke chances kaafi badh jate hain."
Kaunsi skills seekhni chahiye college ke saath?,"Communication, coding (agar IT field), problem-solving aur digital skills important hain."
Coding kaha se start karun?,"Basic languages jaise C, Python ya Java se start karo aur daily practice karo."
Internship kab start karni chahiye? ,2nd year se start karna best hota hai.
Internship kaise milegi?,"LinkedIn, job portals aur college placement cell ka use karo."
Without experience internship mil sakti hai kya?,"Haan, agar tum basic skills aur projects dikhate ho to mil sakti hai."
Backlog aa gaya to kya karein?,"Panic mat karo, plan bana ke clear karo. Bahut students clear kar lete hain."
CGPA kitna important hai?,"Initial job ke liye important hota hai, lekin long term me skills zyada matter karti hain."
Graduation ke baad job ya higher studies?,Agar clear goal hai to uske hisaab se decide karo. Confusion ho to job experience lena better hota hai.
MCA ya MBA me kya choose karun?,"Agar technical field me rehna hai to MCA, management me jaana hai to MBA choose karo."
Abroad study worth hai kya?,"Haan, agar tum afford kar sakte ho aur proper planning hai to beneficial ho sakta hai."
"College waste lag raha hai, kya karun?","College ke saath skills aur projects pe kaam karo, tab value milegi."
Resume kaise banaye as a fresher?,"Skills, projects, internships aur achievements highlight karo."
Placement ke liye kya prepare karein?,"Aptitude, technical skills aur interview questions practice karo."
